{
    "name": "TLV493D-Magnetic-Sensor",
    "keywords": "3D, magnetic, sensor2go",
    "description": "This library provides an Interface for Infineon's TLV493D Magnetic Sensor. This is a that fork introduces a fix to allow recovery from the ADC hang-up issue with the TLV493d-A1B6.",
    "repository":
    {
      "type": "git",
      "url": "https://github.com/Burke111-DEV/TLV493D-3DMagnetic-Sensor-With-Hangup-Recovery",
      "branch": "master"
    },
    "version":"1.0.4",
    "frameworks": "arduino",
    "platforms": [
        "infineonxmc",
        "atmelavr"
    ]
  }
